{"project":{"pid":"__VIA_PROJECT_ID__","rev":"__VIA_PROJECT_REV_ID__","rev_timestamp":"__VIA_PROJECT_REV_TIMESTAMP__","pname":"Unnamed VIA Project","creator":"VGG Image Annotator (http://www.robots.ox.ac.uk/~vgg/software/via)","created":1618642823079,"vid_list":["1","2","3","4","5","6","7"]},"config":{"file":{"loc_prefix":{"1":"","2":"","3":"","4":""}},"ui":{"file_content_align":"center","file_metadata_editor_visible":true,"spatial_metadata_editor_visible":true,"spatial_region_label_attribute_id":"","gtimeline_visible_row_count":"4"}},"attribute":{"1":{"aname":"body","type":2,"options":{"0":"stand","1":"tilt","2":"fall"},"default_option_id":"0","anchor_id":"FILE1_Z0_XY1","desc":""},"2":{"aname":"status","type":2,"options":{"0":"run","1":"stop","2":"knock"},"default_option_id":"0","anchor_id":"FILE1_Z0_XY1","desc":""}},"file":{"1":{"fname":"1_000061.jpg","type":2,"fid":"1","loc":1,"src":""},"2":{"fname":"1_000091.jpg","type":2,"fid":"2","loc":1,"src":""},"3":{"fname":"1_000121.jpg","type":2,"fid":"3","loc":1,"src":""},"4":{"fname":"1_000151.jpg","type":2,"fid":"4","loc":1,"src":""},"5":{"fname":"1_000181.jpg","type":2,"fid":"5","loc":1,"src":""},"6":{"fname":"1_000211.jpg","type":2,"fid":"6","loc":1,"src":""},"7":{"fname":"1_000241.jpg","type":2,"fid":"7","loc":1,"src":""}},"metadata":{"image1_1":{"vid":"1","xy":[2,345.09859,1134.73684,105.35837,235.00268],"av":{"1":"0","2":"2","3":""},"flg":0,"z":[]},"image2_1":{"vid":"2","xy":[2,321.66736,843.24647,116.56631,190.65427],"av":{"1":"0","2":"2","3":""},"flg":0,"z":[]},"image2_2":{"vid":"2","xy":[2,334.73684,1069.47369,126.31579,275.78947],"av":{"1":"0","2":"2","3":""},"flg":0,"z":[]},"image3_1":{"vid":"3","xy":[2,293.47053,1061.05263,195.025,263.1579],"av":{"1":"0","2":"2","3":""},"flg":0,"z":[]},"image7_1":{"vid":"7","xy":[2,309.47368,1608.42105,435.78948,284.21053],"av":{"1":"1","2":"0","3":""},"flg":0,"z":[]},"1_mjthnD2d":{"vid":"1","flg":0,"z":[],"xy":[2,320,896.842,134.737,170.526],"av":{"1":"0","2":"2"}},"1_cJC9iJtW":{"vid":"1","flg":0,"z":[],"xy":[2,4.211,1675.789,117.894,176.843],"av":{"1":"0","2":"1"}},"1_w6D9sGPr":{"vid":"1","flg":0,"z":[],"xy":[2,783.158,755.789,275.789,221.053],"av":{"1":"0","2":"1"}},"1_QZYJn7uJ":{"vid":"1","flg":0,"z":[],"xy":[2,842.105,945.263,223.158,174.737],"av":{"1":"0","2":"1"}},"4_XDXQgHgO":{"vid":"4","flg":0,"z":[],"xy":[2,717.895,1313.684,225.263,200],"av":{"1":"0","2":"0"}},"4_gXX6H9Fu":{"vid":"4","flg":0,"z":[],"xy":[2,117.895,1463.158,92.631,261.053],"av":{"1":"0","2":"0"}},"4_P2qfrIxE":{"vid":"4","flg":0,"z":[],"xy":[2,658.947,408.421,151.579,107.368],"av":{"1":"0","2":"1"}},"4_kmrEmBrm":{"vid":"4","flg":0,"z":[],"xy":[2,538.947,290.526,96.842,71.579],"av":{"1":"0","2":"1"}},"5_rxq1PJml":{"vid":"5","flg":0,"z":[],"xy":[2,52.63163,1555.789,113.684,288.422],"av":{"1":"0","2":"0"}},"5_HFYJtbHS":{"vid":"5","flg":0,"z":[],"xy":[2,764.211,1189.474,132.631,212.631],"av":{"1":"0","2":"0"}},"6_1Hf7SWAh":{"vid":"6","flg":0,"z":[],"xy":[2,117.895,1688.421,233.684,227.368],"av":{"1":"1","2":"0"}},"6_hCgb8SSt":{"vid":"6","flg":0,"z":[],"xy":[2,781.053,1094.737,107.368,208.421],"av":{"1":"1","2":"0"}},"7_koVpIYzh":{"vid":"7","flg":0,"z":[],"xy":[2,593.684,966.316,256.842,223.158],"av":{"1":"1","2":"0"}},"3_SAEnuGUy":{"vid":"3","flg":0,"z":[],"xy":[2,275.789,768.421,138.948,240],"av":{"1":"0","2":"2"}},"3_7KwXnMEi":{"vid":"3","flg":0,"z":[],"xy":[2,785.263,640,258.948,256.842],"av":{"1":"0","2":"1"}},"5_3QlLzJTI":{"vid":"5","flg":0,"z":[],"xy":[2,665.263,334.737,145.263,101.052],"av":{"1":"0","2":"1"}},"5_XvmQNqB6":{"vid":"5","flg":0,"z":[],"xy":[2,534.737,216.842,101.052,67.369],"av":{"1":"0","2":"1"}},"6_9mDrptea":{"vid":"6","flg":0,"z":[],"xy":[2,677.895,309.474,122.105,94.737],"av":{"1":"0","2":"1"}},"6_pYXPFnRa":{"vid":"6","flg":0,"z":[],"xy":[2,545.263,187.368,103.158,77.895],"av":{"1":"0","2":"1"}}},"view":{"1":{"fid_list":["1"]},"2":{"fid_list":["2"]},"3":{"fid_list":["3"]},"4":{"fid_list":["4"]},"5":{"fid_list":["5"]},"6":{"fid_list":["6"]},"7":{"fid_list":["7"]}}}