{"project": {"pid": "__VIA_PROJECT_ID__", "rev": "__VIA_PROJECT_REV_ID__", "rev_timestamp": "__VIA_PROJECT_REV_TIMESTAMP__", "pname": "Unnamed VIA Project", "creator": "VGG Image Annotator (http://www.robots.ox.ac.uk/~vgg/software/via)", "created": 1618642823079, "vid_list": ["1", "2", "3", "4", "5", "6", "7"]}, "config": {"file": {"loc_prefix": {"1": "", "2": "", "3": "", "4": ""}}, "ui": {"file_content_align": "center", "file_metadata_editor_visible": true, "spatial_metadata_editor_visible": true, "spatial_region_label_attribute_id": "", "gtimeline_visible_row_count": "4"}}, "attribute": {"1": {"aname": "body", "type": 2, "options": {"0": "stand", "1": "tilt", "2": "fall"}, "default_option_id": "0", "anchor_id": "FILE1_Z0_XY1", "desc": ""}, "2": {"aname": "status", "type": 2, "options": {"0": "run", "1": "stop", "2": "knock"}, "default_option_id": "0", "anchor_id": "FILE1_Z0_XY1", "desc": ""}}, "file": {"1": {"fname": "1_000061.jpg", "type": 2, "fid": "1", "loc": 1, "src": ""}, "2": {"fname": "1_000091.jpg", "type": 2, "fid": "2", "loc": 1, "src": ""}, "3": {"fname": "1_000121.jpg", "type": 2, "fid": "3", "loc": 1, "src": ""}, "4": {"fname": "1_000151.jpg", "type": 2, "fid": "4", "loc": 1, "src": ""}, "5": {"fname": "1_000181.jpg", "type": 2, "fid": "5", "loc": 1, "src": ""}, "6": {"fname": "1_000211.jpg", "type": 2, "fid": "6", "loc": 1, "src": ""}, "7": {"fname": "1_000241.jpg", "type": 2, "fid": "7", "loc": 1, "src": ""}}, "metadata": {"image1_1": {"vid": "1", "xy": [2, 184.000152, 430.0001295999999, 47.00001600000002, 83.99996479999993], "av": {"1": "", "2": "", "3": ""}, "flg": 0, "z": []}, "image2_1": {"vid": "2", "xy": [2, 181.99992, 421.00001719999995, 51.999840000000006, 85.00002960000006], "av": {"1": "", "2": "", "3": ""}, "flg": 0, "z": []}, "image2_2": {"vid": "2", "xy": [2, 393.99983999999995, 732.9997764000001, 84.00000000000006, 61.00001519999989], "av": {"1": "", "2": "", "3": ""}, "flg": 0, "z": []}, "image3_1": {"vid": "3", "xy": [2, 392.00016, 718.9999819999999, 87.00000000000006, 60.00003600000014], "av": {"1": "", "2": "", "3": ""}, "flg": 0, "z": []}, "image7_1": {"vid": "7", "xy": [2, 193.99992, 570.9998932000001, 80.00016000000002, 53.999989599999935], "av": {"1": "", "2": "", "3": ""}, "flg": 0, "z": []}}, "view": {"1": {"fid_list": ["1"]}, "2": {"fid_list": ["2"]}, "3": {"fid_list": ["3"]}, "4": {"fid_list": ["4"]}, "5": {"fid_list": ["5"]}, "6": {"fid_list": ["6"]}, "7": {"fid_list": ["7"]}}}