{"project":{"pid":"__VIA_PROJECT_ID__","rev":"__VIA_PROJECT_REV_ID__","rev_timestamp":"__VIA_PROJECT_REV_TIMESTAMP__","pname":"Unnamed VIA Project","creator":"VGG Image Annotator (http://www.robots.ox.ac.uk/~vgg/software/via)","created":1618642823079,"vid_list":["1","2","3","4","5","6","7"]},"config":{"file":{"loc_prefix":{"1":"","2":"","3":"","4":""}},"ui":{"file_content_align":"center","file_metadata_editor_visible":true,"spatial_metadata_editor_visible":true,"spatial_region_label_attribute_id":"","gtimeline_visible_row_count":"4"}},"attribute":{"1":{"aname":"body","type":2,"options":{"0":"stand","1":"tilt","2":"fall"},"default_option_id":"0","anchor_id":"FILE1_Z0_XY1","desc":""},"2":{"aname":"status","type":2,"options":{"0":"run","1":"stop","2":"knock"},"default_option_id":"0","anchor_id":"FILE1_Z0_XY1","desc":""}},"file":{"1":{"fname":"2_000061.jpg","type":2,"fid":"1","loc":1,"src":""},"2":{"fname":"2_000091.jpg","type":2,"fid":"2","loc":1,"src":""},"3":{"fname":"2_000121.jpg","type":2,"fid":"3","loc":1,"src":""},"4":{"fname":"2_000151.jpg","type":2,"fid":"4","loc":1,"src":""},"5":{"fname":"2_000181.jpg","type":2,"fid":"5","loc":1,"src":""},"6":{"fname":"2_000211.jpg","type":2,"fid":"6","loc":1,"src":""},"7":{"fname":"2_000241.jpg","type":2,"fid":"7","loc":1,"src":""}},"metadata":{"image2_1":{"vid":"2","xy":[2,399.98947,1218.10212,176.85264,232.4242],"av":{"1":"0","2":"1","3":""},"flg":0,"z":[]},"image2_2":{"vid":"2","xy":[2,258.91884,1534.73684,147.39695,244.87997],"av":{"1":"0","2":"2","3":""},"flg":0,"z":[]},"image3_1":{"vid":"3","xy":[2,373.61673,1223.64912,121.12011,182.66667],"av":{"1":"1","2":"2","3":""},"flg":0,"z":[]},"image4_1":{"vid":"4","xy":[2,389.17275,1111.57895,111.87988,190.98788],"av":{"1":"0","2":"2","3":""},"flg":0,"z":[]},"image7_1":{"vid":"7","xy":[2,151.58658,492.63158,246.30815,629.47368],"av":{"1":"0","2":"1","3":""},"flg":0,"z":[]},"1_TG8T7dob":{"vid":"1","flg":0,"z":[],"xy":[2,168.421,1631.579,223.158,223.158],"av":{"1":"1","2":"0"}},"1_7CviUNpR":{"vid":"1","flg":0,"z":[],"xy":[2,509.474,1037.895,151.579,250.526],"av":{"1":"0","2":"0"}},"2_7BQJSnSE":{"vid":"2","flg":0,"z":[],"xy":[2,372.632,1338.947,29.473,0],"av":{"1":"0","2":"0"}},"2_LkQnYJMj":{"vid":"2","flg":0,"z":[],"xy":[2,393.684,1320,2.105,4.211],"av":{"1":"0","2":"0"}},"3_qrXB89nj":{"vid":"3","flg":0,"z":[],"xy":[2,301.053,1360,115.789,235.789],"av":{"1":"0","2":"2"}},"4_SiZYS0oM":{"vid":"4","flg":0,"z":[],"xy":[2,298.94779,1277.89474,111.579,246.31626],"av":{"1":"0","2":"2"}},"5_qWWnWIkI":{"vid":"5","flg":0,"z":[],"xy":[2,355.789,1246.316,98.948,254.737],"av":{"1":"0","2":"1"}},"5_gk0dLXhp":{"vid":"5","flg":0,"z":[],"xy":[2,465.263,995.789,4.211,0],"av":{"1":"0","2":"0"}},"5_GlzCmJOK":{"vid":"5","flg":0,"z":[],"xy":[2,442.105,1016.842,134.737,229.474],"av":{"1":"0","2":"1"}},"5_r6T1Izk1":{"vid":"5","flg":0,"z":[],"xy":[2,469.474,995.789,18.947,4.211],"av":{"1":"0","2":"0"}},"6_bn8mC14C":{"vid":"6","flg":0,"z":[],"xy":[2,410.526,1088.421,111.579,242.105],"av":{"1":"1","2":"0"}},"6_D1zJA2qv":{"vid":"6","flg":0,"z":[],"xy":[2,225.263,1395.789,162.105,288.422],"av":{"1":"0","2":"1"}}},"view":{"1":{"fid_list":["1"]},"2":{"fid_list":["2"]},"3":{"fid_list":["3"]},"4":{"fid_list":["4"]},"5":{"fid_list":["5"]},"6":{"fid_list":["6"]},"7":{"fid_list":["7"]}}}