{"project": {"pid": "__VIA_PROJECT_ID__", "rev": "__VIA_PROJECT_REV_ID__", "rev_timestamp": "__VIA_PROJECT_REV_TIMESTAMP__", "pname": "Unnamed VIA Project", "creator": "VGG Image Annotator (http://www.robots.ox.ac.uk/~vgg/software/via)", "created": 1618642823079, "vid_list": ["1", "2", "3", "4", "5", "6", "7"]}, "config": {"file": {"loc_prefix": {"1": "", "2": "", "3": "", "4": ""}}, "ui": {"file_content_align": "center", "file_metadata_editor_visible": true, "spatial_metadata_editor_visible": true, "spatial_region_label_attribute_id": "", "gtimeline_visible_row_count": "4"}}, "attribute": {"1": {"aname": "body", "type": 2, "options": {"0": "stand", "1": "tilt", "2": "fall"}, "default_option_id": "0", "anchor_id": "FILE1_Z0_XY1", "desc": ""}, "2": {"aname": "status", "type": 2, "options": {"0": "run", "1": "stop", "2": "knock"}, "default_option_id": "0", "anchor_id": "FILE1_Z0_XY1", "desc": ""}}, "file": {"1": {"fname": "2_000061.jpg", "type": 2, "fid": "1", "loc": 1, "src": ""}, "2": {"fname": "2_000091.jpg", "type": 2, "fid": "2", "loc": 1, "src": ""}, "3": {"fname": "2_000121.jpg", "type": 2, "fid": "3", "loc": 1, "src": ""}, "4": {"fname": "2_000151.jpg", "type": 2, "fid": "4", "loc": 1, "src": ""}, "5": {"fname": "2_000181.jpg", "type": 2, "fid": "5", "loc": 1, "src": ""}, "6": {"fname": "2_000211.jpg", "type": 2, "fid": "6", "loc": 1, "src": ""}, "7": {"fname": "2_000241.jpg", "type": 2, "fid": "7", "loc": 1, "src": ""}}, "metadata": {"image2_1": {"vid": "2", "xy": [2, 215.99999999999997, 483.00035399999996, 24.0, 46.999964000000034], "av": {"1": "0"}, "flg": 0, "z": []}, "image2_2": {"vid": "2", "xy": [2, 184.99999200000002, 547.0002211999999, 32.00001599999999, 53.99998960000005], "av": {"1": "0"}, "flg": 0, "z": []}, "image3_1": {"vid": "3", "xy": [2, 176.999832, 507.9997056, 44.00001599999999, 57.00001279999998], "av": {"1": "0"}, "flg": 0, "z": []}, "image4_1": {"vid": "4", "xy": [2, 183.00016799999997, 491.99965319999995, 39.99998400000001, 53.99998959999999], "av": {"1": "0"}, "flg": 0, "z": []}, "image7_1": {"vid": "7", "xy": [2, 247.00008, 62.00008, 72.99983999999998, 123.00035199999999], "av": {"1": "0"}, "flg": 0, "z": []}}, "view": {"1": {"fid_list": ["1"]}, "2": {"fid_list": ["2"]}, "3": {"fid_list": ["3"]}, "4": {"fid_list": ["4"]}, "5": {"fid_list": ["5"]}, "6": {"fid_list": ["6"]}, "7": {"fid_list": ["7"]}}}