{"project":{"pid":"__VIA_PROJECT_ID__","rev":"__VIA_PROJECT_REV_ID__","rev_timestamp":"__VIA_PROJECT_REV_TIMESTAMP__","pname":"Unnamed VIA Project","creator":"VGG Image Annotator (http://www.robots.ox.ac.uk/~vgg/software/via)","created":1618642823079,"vid_list":["1","2","3","4","5","6","7"]},"config":{"file":{"loc_prefix":{"1":"","2":"","3":"","4":""}},"ui":{"file_content_align":"center","file_metadata_editor_visible":true,"spatial_metadata_editor_visible":false,"spatial_region_label_attribute_id":"","gtimeline_visible_row_count":"4"}},"attribute":{"1":{"aname":"body","type":2,"options":{"0":"stand","1":"tilt","2":"fall"},"default_option_id":"0","anchor_id":"FILE1_Z0_XY1","desc":""},"2":{"aname":"status","type":2,"options":{"0":"run","1":"stop","2":"knock"},"default_option_id":"0","anchor_id":"FILE1_Z0_XY1","desc":""}},"file":{"1":{"fname":"3_000061.jpg","type":2,"fid":"1","loc":1,"src":""},"2":{"fname":"3_000091.jpg","type":2,"fid":"2","loc":1,"src":""},"3":{"fname":"3_000121.jpg","type":2,"fid":"3","loc":1,"src":""},"4":{"fname":"3_000151.jpg","type":2,"fid":"4","loc":1,"src":""},"5":{"fname":"3_000181.jpg","type":2,"fid":"5","loc":1,"src":""},"6":{"fname":"3_000211.jpg","type":2,"fid":"6","loc":1,"src":""},"7":{"fname":"3_000241.jpg","type":2,"fid":"7","loc":1,"src":""}},"metadata":{"image1_1":{"vid":"1","xy":[2,251.31588,920,199.21043,145.1249],"av":{"1":"0","2":"2","3":""},"flg":0,"z":[]},"image1_2":{"vid":"1","xy":[2,271.13052,1196.24151,183.81631,325.86375],"av":{"1":"0","2":"2","3":""},"flg":0,"z":[]},"image2_1":{"vid":"2","xy":[2,264.54211,1106.71863,188.3,348.01821],"av":{"1":"0","2":"2","3":""},"flg":0,"z":[]},"image3_1":{"vid":"3","xy":[2,249.53264,1088.63682,192.78369,336.62634],"av":{"1":"0","2":"2","3":""},"flg":0,"z":[]},"image4_1":{"vid":"4","xy":[2,757.0371,1371.29425,291.38395,317.1268],"av":{"1":"1","2":"0","3":""},"flg":0,"z":[]},"image6_1":{"vid":"6","xy":[2,857.22316,1183.15789,104.8821,207.65418],"av":{"1":"0","2":"0","3":""},"flg":0,"z":[]},"image6_2":{"vid":"6","xy":[2,639.50305,92.63158,196.28642,98.94737],"av":{"1":"0","2":"1","3":""},"flg":0,"z":[]},"image7_1":{"vid":"7","xy":[2,726.31579,73.60545,185.26316,125.60755],"av":{"1":"0","2":"1","3":""},"flg":0,"z":[]},"image7_2":{"vid":"7","xy":[2,667.36842,1014.73685,252.63158,254.73683],"av":{"1":"1","2":"0","3":""},"flg":0,"z":[]},"2_bfMYb1XB":{"vid":"2","flg":0,"z":[],"xy":[2,273.684,825.263,153.684,168.421],"av":{"1":"0","2":"2"}},"3_74o5sNJk":{"vid":"3","flg":0,"z":[],"xy":[2,235.789,749.474,155.79,227.368],"av":{"1":"0","2":"2"}},"4_TfpIRapP":{"vid":"4","flg":0,"z":[],"xy":[2,14.73706,1549.47353,143.158,305.263],"av":{"1":"0","2":"0"}},"5_udvbtFmy":{"vid":"5","flg":0,"z":[],"xy":[2,861.053,1254.737,109.473,271.579],"av":{"1":"0","2":"0"}},"5_eXNNcirv":{"vid":"5","flg":0,"z":[],"xy":[2,4.211,1705.263,149.473,202.105],"av":{"1":"0","2":"0"}},"5_NY0hkBBF":{"vid":"5","flg":0,"z":[],"xy":[2,696.84237,183.15805,206.316,103.158],"av":{"1":"0","2":"1"}},"6_DKQOHeDL":{"vid":"6","flg":0,"z":[],"xy":[2,709.474,136.842,164.21,124.211],"av":{"1":"0","2":"1"}}},"view":{"1":{"fid_list":["1"]},"2":{"fid_list":["2"]},"3":{"fid_list":["3"]},"4":{"fid_list":["4"]},"5":{"fid_list":["5"]},"6":{"fid_list":["6"]},"7":{"fid_list":["7"]}}}