{"project": {"pid": "__VIA_PROJECT_ID__", "rev": "__VIA_PROJECT_REV_ID__", "rev_timestamp": "__VIA_PROJECT_REV_TIMESTAMP__", "pname": "Unnamed VIA Project", "creator": "VGG Image Annotator (http://www.robots.ox.ac.uk/~vgg/software/via)", "created": 1618642823079, "vid_list": ["1", "2", "3", "4", "5", "6", "7"]}, "config": {"file": {"loc_prefix": {"1": "", "2": "", "3": "", "4": ""}}, "ui": {"file_content_align": "center", "file_metadata_editor_visible": true, "spatial_metadata_editor_visible": true, "spatial_region_label_attribute_id": "", "gtimeline_visible_row_count": "4"}}, "attribute": {"1": {"aname": "body", "type": 2, "options": {"0": "stand", "1": "tilt", "2": "fall"}, "default_option_id": "0", "anchor_id": "FILE1_Z0_XY1", "desc": ""}, "2": {"aname": "status", "type": 2, "options": {"0": "run", "1": "stop", "2": "knock"}, "default_option_id": "0", "anchor_id": "FILE1_Z0_XY1", "desc": ""}}, "file": {"1": {"fname": "3_000061.jpg", "type": 2, "fid": "1", "loc": 1, "src": ""}, "2": {"fname": "3_000091.jpg", "type": 2, "fid": "2", "loc": 1, "src": ""}, "3": {"fname": "3_000121.jpg", "type": 2, "fid": "3", "loc": 1, "src": ""}, "4": {"fname": "3_000151.jpg", "type": 2, "fid": "4", "loc": 1, "src": ""}, "5": {"fname": "3_000181.jpg", "type": 2, "fid": "5", "loc": 1, "src": ""}, "6": {"fname": "3_000211.jpg", "type": 2, "fid": "6", "loc": 1, "src": ""}, "7": {"fname": "3_000241.jpg", "type": 2, "fid": "7", "loc": 1, "src": ""}}, "metadata": {"image1_1": {"vid": "1", "xy": [2, 190.99984800000001, 377.999756, 24.999984000000012, 49.00000799999998], "av": {"1": "0"}, "flg": 0, "z": []}, "image1_2": {"vid": "1", "xy": [2, 397.99992000000003, 736.9997788000001, 81.99984, 61.99999439999999], "av": {"1": "0"}, "flg": 0, "z": []}, "image2_1": {"vid": "2", "xy": [2, 396.0, 728.999774, 84.0, 60.00003600000002], "av": {"1": "0"}, "flg": 0, "z": []}, "image3_1": {"vid": "3", "xy": [2, 394.00008, 719.9997044, 86.00016, 61.00001519999989], "av": {"1": "0"}, "flg": 0, "z": []}, "image4_1": {"vid": "4", "xy": [2, 394.99992000000003, 724.0002632000001, 84.99984, 56.00003359999994], "av": {"1": "0"}, "flg": 0, "z": []}, "image5_1": {"vid": "5", "xy": [2, 198.00000000000003, 551.9996464, 33.0, 58.999971200000005], "av": {"1": "0"}, "flg": 0, "z": []}, "image5_2": {"vid": "5", "xy": [2, 175.99984800000001, 362.00008879999996, 24.999984000000012, 41.99998240000002], "av": {"1": "0"}, "flg": 0, "z": []}, "image5_3": {"vid": "5", "xy": [2, 395.00016, 742.9997824, 84.0, 58.999971200000005], "av": {"1": "0"}, "flg": 0, "z": []}, "image6_1": {"vid": "6", "xy": [2, 188.00016, 401.0001764, 27.0, 52.00003119999997], "av": {"1": "0"}, "flg": 0, "z": []}, "image6_2": {"vid": "6", "xy": [2, 196.999992, 488.00042119999995, 29.000015999999988, 62.99997360000003], "av": {"1": "0"}, "flg": 0, "z": []}, "image6_3": {"vid": "6", "xy": [2, 394.00008, 745.9997628000001, 86.00016, 61.99999439999999], "av": {"1": "0"}, "flg": 0, "z": []}, "image7_1": {"vid": "7", "xy": [2, 184.999992, 457.9999752, 41.00001599999999, 56.00003360000005], "av": {"1": "0"}, "flg": 0, "z": []}, "image7_2": {"vid": "7", "xy": [2, 395.00016, 739.0003364, 84.0, 61.00001520000001], "av": {"1": "0"}, "flg": 0, "z": []}}, "view": {"1": {"fid_list": ["1"]}, "2": {"fid_list": ["2"]}, "3": {"fid_list": ["3"]}, "4": {"fid_list": ["4"]}, "5": {"fid_list": ["5"]}, "6": {"fid_list": ["6"]}, "7": {"fid_list": ["7"]}}}